[{"model": "main.banner", "pk": 1, "fields": {"img": "banner_imgs/3.jpg", "alt_text": "Mobile Accessories"}}, {"model": "main.banner", "pk": 2, "fields": {"img": "banner_imgs/1_780XGMI.jpg", "alt_text": "health"}}, {"model": "main.category", "pk": 6, "fields": {"title": "Bottles", "image": "cat_imgs/1.jpg"}}, {"model": "main.category", "pk": 7, "fields": {"title": "Beds", "image": "cat_imgs/8bed.jpg"}}, {"model": "main.category", "pk": 8, "fields": {"title": "Phones", "image": "cat_imgs/ap3.jpg"}}, {"model": "main.brand", "pk": 4, "fields": {"title": "Refreshments", "image": "brand_imgs/2_6DCVYol.jpg"}}, {"model": "main.brand", "pk": 5, "fields": {"title": "Lifestyle", "image": "brand_imgs/8bed.jpg"}}, {"model": "main.brand", "pk": 6, "fields": {"title": "Technology", "image": "brand_imgs/ap3.jpg"}}, {"model": "main.color", "pk": 1, "fields": {"title": "Red", "color_code": "#ff0000"}}, {"model": "main.color", "pk": 2, "fields": {"title": "Black", "color_code": "#000000"}}, {"model": "main.color", "pk": 4, "fields": {"title": "Lime", "color_code": "#00ff00"}}, {"model": "main.size", "pk": 1, "fields": {"title": "1"}}, {"model": "main.size", "pk": 2, "fields": {"title": "2"}}, {"model": "main.size", "pk": 3, "fields": {"title": "3"}}, {"model": "main.product", "pk": 2, "fields": {"title": "Simu", "slug": "Simu", "detail": "Iphone 15 Pro\r\n8gb Ram\r\n256gb Storage", "specs": "made in 2025", "category": 8, "brand": 6, "status": true, "is_featured": true}}, {"model": "main.product", "pk": 3, "fields": {"title": "Chupa", "slug": "Chupa", "detail": "Nice refreshment bottle", "specs": "nice refreshment bottle", "category": 6, "brand": 4, "status": true, "is_featured": true}}, {"model": "main.product", "pk": 4, "fields": {"title": "Kitanda", "slug": "Kitanda", "detail": "Nice Bedding", "specs": "Nice Bedding", "category": 7, "brand": 5, "status": true, "is_featured": true}}, {"model": "main.productattribute", "pk": 1, "fields": {"product": 2, "color": 1, "size": 1, "price": 500, "image": "product_imgs/ap3.jpg"}}, {"model": "main.productattribute", "pk": 2, "fields": {"product": 3, "color": 2, "size": 2, "price": 50, "image": "product_imgs/2_iK3oAxP.jpg"}}, {"model": "main.productattribute", "pk": 3, "fields": {"product": 4, "color": 4, "size": 3, "price": 15000, "image": "product_imgs/8bed.jpg"}}, {"model": "main.cartorder", "pk": 1, "fields": {"user": 1, "total_amt": 15500.0, "paid_status": false, "order_dt": "2023-10-02T17:17:32.256Z", "order_status": "process"}}, {"model": "main.cartorder", "pk": 2, "fields": {"user": 1, "total_amt": 15500.0, "paid_status": false, "order_dt": "2023-10-02T17:31:32.381Z", "order_status": "process"}}, {"model": "main.cartorder", "pk": 3, "fields": {"user": 1, "total_amt": 15500.0, "paid_status": false, "order_dt": "2023-10-02T17:36:37.579Z", "order_status": "process"}}, {"model": "main.cartorder", "pk": 4, "fields": {"user": 1, "total_amt": 15500.0, "paid_status": false, "order_dt": "2023-10-02T17:44:16.608Z", "order_status": "process"}}, {"model": "main.cartorder", "pk": 5, "fields": {"user": 1, "total_amt": 15500.0, "paid_status": false, "order_dt": "2023-10-02T17:44:23.770Z", "order_status": "process"}}, {"model": "main.cartorder", "pk": 6, "fields": {"user": 1, "total_amt": 16500.0, "paid_status": false, "order_dt": "2023-10-02T17:45:41.671Z", "order_status": "process"}}, {"model": "main.cartorder", "pk": 7, "fields": {"user": 1, "total_amt": 16500.0, "paid_status": false, "order_dt": "2023-10-02T17:46:08.261Z", "order_status": "shipped"}}, {"model": "main.cartorder", "pk": 8, "fields": {"user": 1, "total_amt": 16500.0, "paid_status": false, "order_dt": "2023-10-02T17:46:11.854Z", "order_status": "shipped"}}, {"model": "main.cartorder", "pk": 9, "fields": {"user": 1, "total_amt": 16500.0, "paid_status": false, "order_dt": "2023-10-02T17:46:14.041Z", "order_status": "shipped"}}, {"model": "main.cartorder", "pk": 10, "fields": {"user": 1, "total_amt": 16500.0, "paid_status": false, "order_dt": "2023-10-02T17:47:15.657Z", "order_status": "shipped"}}, {"model": "main.cartorder", "pk": 11, "fields": {"user": 1, "total_amt": 16500.0, "paid_status": false, "order_dt": "2023-10-02T17:48:29.369Z", "order_status": "shipped"}}, {"model": "main.cartorder", "pk": 12, "fields": {"user": 1, "total_amt": 16500.0, "paid_status": true, "order_dt": "2023-10-02T17:49:27.742Z", "order_status": "shipped"}}, {"model": "main.cartorder", "pk": 13, "fields": {"user": 1, "total_amt": 15500.0, "paid_status": false, "order_dt": "2023-10-02T17:58:46.223Z", "order_status": "shipped"}}, {"model": "main.cartorder", "pk": 14, "fields": {"user": 2, "total_amt": 15000.0, "paid_status": false, "order_dt": "2023-10-03T15:33:17.247Z", "order_status": "delivered"}}, {"model": "main.cartorder", "pk": 15, "fields": {"user": 1, "total_amt": 50.0, "paid_status": false, "order_dt": "2023-10-07T20:59:00.022Z", "order_status": "process"}}, {"model": "main.cartorder", "pk": 16, "fields": {"user": 1, "total_amt": 50.0, "paid_status": false, "order_dt": "2023-10-07T21:03:45.566Z", "order_status": "process"}}, {"model": "main.cartorder", "pk": 17, "fields": {"user": 1, "total_amt": 50.0, "paid_status": false, "order_dt": "2023-10-08T18:58:42.596Z", "order_status": "process"}}, {"model": "main.cartorder", "pk": 18, "fields": {"user": 1, "total_amt": 50.0, "paid_status": false, "order_dt": "2023-10-08T18:58:51.112Z", "order_status": "process"}}, {"model": "main.cartorder", "pk": 19, "fields": {"user": 1, "total_amt": 50.0, "paid_status": false, "order_dt": "2023-10-08T18:59:12.090Z", "order_status": "process"}}, {"model": "main.cartorder", "pk": 20, "fields": {"user": 1, "total_amt": 50.0, "paid_status": false, "order_dt": "2023-10-08T18:59:14.563Z", "order_status": "process"}}, {"model": "main.cartorder", "pk": 21, "fields": {"user": 1, "total_amt": 75050.0, "paid_status": false, "order_dt": "2023-10-10T22:12:31.372Z", "order_status": "process"}}, {"model": "main.cartorder", "pk": 22, "fields": {"user": 1, "total_amt": 75050.0, "paid_status": false, "order_dt": "2023-10-10T22:13:53.575Z", "order_status": "process"}}, {"model": "main.cartorder", "pk": 23, "fields": {"user": 1, "total_amt": 75050.0, "paid_status": false, "order_dt": "2023-10-10T22:25:29.822Z", "order_status": "process"}}, {"model": "main.cartorder", "pk": 24, "fields": {"user": 1, "total_amt": 75050.0, "paid_status": false, "order_dt": "2023-10-10T22:25:35.271Z", "order_status": "process"}}, {"model": "main.cartorder", "pk": 25, "fields": {"user": 1, "total_amt": 75050.0, "paid_status": false, "order_dt": "2023-10-10T22:25:39.262Z", "order_status": "process"}}, {"model": "main.cartorder", "pk": 26, "fields": {"user": 1, "total_amt": 75050.0, "paid_status": false, "order_dt": "2023-10-10T22:27:00.073Z", "order_status": "process"}}, {"model": "main.cartorder", "pk": 27, "fields": {"user": 1, "total_amt": 75050.0, "paid_status": false, "order_dt": "2023-10-10T22:27:02.546Z", "order_status": "process"}}, {"model": "main.cartorder", "pk": 28, "fields": {"user": 1, "total_amt": 75050.0, "paid_status": false, "order_dt": "2023-10-10T22:27:09.508Z", "order_status": "process"}}, {"model": "main.cartorder", "pk": 29, "fields": {"user": 1, "total_amt": 75050.0, "paid_status": false, "order_dt": "2023-10-10T22:27:25.794Z", "order_status": "process"}}, {"model": "main.cartorder", "pk": 30, "fields": {"user": 1, "total_amt": 75050.0, "paid_status": false, "order_dt": "2023-10-10T22:27:32.749Z", "order_status": "process"}}, {"model": "main.cartorder", "pk": 31, "fields": {"user": 1, "total_amt": 75050.0, "paid_status": false, "order_dt": "2023-10-10T22:27:43.319Z", "order_status": "process"}}, {"model": "main.cartorder", "pk": 32, "fields": {"user": 1, "total_amt": 75050.0, "paid_status": false, "order_dt": "2023-10-10T22:39:58.029Z", "order_status": "process"}}, {"model": "main.cartorder", "pk": 33, "fields": {"user": 1, "total_amt": 0.0, "paid_status": false, "order_dt": "2023-10-10T22:40:08.678Z", "order_status": "process"}}, {"model": "main.cartorder", "pk": 34, "fields": {"user": 1, "total_amt": 0.0, "paid_status": false, "order_dt": "2023-10-10T22:40:18.770Z", "order_status": "process"}}, {"model": "main.cartorder", "pk": 35, "fields": {"user": 1, "total_amt": 75050.0, "paid_status": false, "order_dt": "2023-10-10T22:59:10.442Z", "order_status": "process"}}, {"model": "main.cartorder", "pk": 36, "fields": {"user": 1, "total_amt": 75050.0, "paid_status": false, "order_dt": "2023-10-11T08:24:10.268Z", "order_status": "process"}}, {"model": "main.cartorder", "pk": 37, "fields": {"user": 1, "total_amt": 75050.0, "paid_status": false, "order_dt": "2023-10-11T10:25:37.144Z", "order_status": "process"}}, {"model": "main.cartorder", "pk": 38, "fields": {"user": 1, "total_amt": 75050.0, "paid_status": false, "order_dt": "2023-10-11T11:04:19.216Z", "order_status": "process"}}, {"model": "main.cartorder", "pk": 39, "fields": {"user": 1, "total_amt": 75050.0, "paid_status": false, "order_dt": "2023-10-11T11:05:33.931Z", "order_status": "process"}}, {"model": "main.cartorder", "pk": 40, "fields": {"user": 1, "total_amt": 75050.0, "paid_status": false, "order_dt": "2023-10-11T11:24:14.983Z", "order_status": "process"}}, {"model": "main.cartorder", "pk": 41, "fields": {"user": 1, "total_amt": 75050.0, "paid_status": false, "order_dt": "2023-10-11T12:02:59.793Z", "order_status": "process"}}, {"model": "main.cartorder", "pk": 42, "fields": {"user": 1, "total_amt": 75050.0, "paid_status": false, "order_dt": "2023-10-11T12:11:51.079Z", "order_status": "process"}}, {"model": "main.cartorder", "pk": 43, "fields": {"user": 1, "total_amt": 75050.0, "paid_status": false, "order_dt": "2023-10-12T17:39:26.999Z", "order_status": "process"}}, {"model": "main.cartorder", "pk": 44, "fields": {"user": 1, "total_amt": 75050.0, "paid_status": false, "order_dt": "2023-10-12T17:57:38.373Z", "order_status": "process"}}, {"model": "main.cartorder", "pk": 45, "fields": {"user": 1, "total_amt": 50.0, "paid_status": false, "order_dt": "2023-10-12T18:59:34.994Z", "order_status": "process"}}, {"model": "main.cartorder", "pk": 46, "fields": {"user": 1, "total_amt": 50.0, "paid_status": false, "order_dt": "2023-10-12T19:40:25.396Z", "order_status": "process"}}, {"model": "main.cartorder", "pk": 47, "fields": {"user": 1, "total_amt": 50.0, "paid_status": false, "order_dt": "2023-10-12T20:00:19.978Z", "order_status": "process"}}, {"model": "main.cartorder", "pk": 48, "fields": {"user": 1, "total_amt": 50.0, "paid_status": false, "order_dt": "2023-10-12T20:00:59.349Z", "order_status": "process"}}, {"model": "main.cartorder", "pk": 49, "fields": {"user": 1, "total_amt": 50.0, "paid_status": false, "order_dt": "2023-10-12T20:01:18.698Z", "order_status": "process"}}, {"model": "main.cartorder", "pk": 50, "fields": {"user": 1, "total_amt": 50.0, "paid_status": false, "order_dt": "2023-10-12T20:01:39.384Z", "order_status": "process"}}, {"model": "main.cartorder", "pk": 51, "fields": {"user": 1, "total_amt": 50.0, "paid_status": false, "order_dt": "2023-10-12T20:02:00.042Z", "order_status": "process"}}, {"model": "main.cartorder", "pk": 52, "fields": {"user": 1, "total_amt": 50.0, "paid_status": false, "order_dt": "2023-10-12T21:41:47.192Z", "order_status": "process"}}, {"model": "main.cartorder", "pk": 53, "fields": {"user": 1, "total_amt": 50.0, "paid_status": false, "order_dt": "2023-10-12T21:45:49.279Z", "order_status": "process"}}, {"model": "main.cartorder", "pk": 54, "fields": {"user": 1, "total_amt": 50.0, "paid_status": false, "order_dt": "2023-10-15T07:46:53.611Z", "order_status": "process"}}, {"model": "main.cartorder", "pk": 55, "fields": {"user": 1, "total_amt": 15050.0, "paid_status": false, "order_dt": "2023-10-15T07:47:38.858Z", "order_status": "process"}}, {"model": "main.cartorderitems", "pk": 1, "fields": {"order": 1, "invoice_no": "INV-1", "item": "Simu", "image": "product_imgs/ap3.jpg", "qty": 1, "price": 500.0, "total": 500.0}}, {"model": "main.cartorderitems", "pk": 2, "fields": {"order": 1, "invoice_no": "INV-1", "item": "Kitanda", "image": "product_imgs/8bed.jpg", "qty": 1, "price": 15000.0, "total": 15000.0}}, {"model": "main.cartorderitems", "pk": 3, "fields": {"order": 2, "invoice_no": "INV-2", "item": "Simu", "image": "product_imgs/ap3.jpg", "qty": 1, "price": 500.0, "total": 500.0}}, {"model": "main.cartorderitems", "pk": 4, "fields": {"order": 2, "invoice_no": "INV-2", "item": "Kitanda", "image": "product_imgs/8bed.jpg", "qty": 1, "price": 15000.0, "total": 15000.0}}, {"model": "main.cartorderitems", "pk": 5, "fields": {"order": 3, "invoice_no": "INV-3", "item": "Simu", "image": "product_imgs/ap3.jpg", "qty": 1, "price": 500.0, "total": 500.0}}, {"model": "main.cartorderitems", "pk": 6, "fields": {"order": 3, "invoice_no": "INV-3", "item": "Kitanda", "image": "product_imgs/8bed.jpg", "qty": 1, "price": 15000.0, "total": 15000.0}}, {"model": "main.cartorderitems", "pk": 7, "fields": {"order": 4, "invoice_no": "INV-4", "item": "Simu", "image": "product_imgs/ap3.jpg", "qty": 1, "price": 500.0, "total": 500.0}}, {"model": "main.cartorderitems", "pk": 8, "fields": {"order": 4, "invoice_no": "INV-4", "item": "Kitanda", "image": "product_imgs/8bed.jpg", "qty": 1, "price": 15000.0, "total": 15000.0}}, {"model": "main.cartorderitems", "pk": 9, "fields": {"order": 5, "invoice_no": "INV-5", "item": "Simu", "image": "product_imgs/ap3.jpg", "qty": 1, "price": 500.0, "total": 500.0}}, {"model": "main.cartorderitems", "pk": 10, "fields": {"order": 5, "invoice_no": "INV-5", "item": "Kitanda", "image": "product_imgs/8bed.jpg", "qty": 1, "price": 15000.0, "total": 15000.0}}, {"model": "main.cartorderitems", "pk": 11, "fields": {"order": 6, "invoice_no": "INV-6", "item": "Simu", "image": "product_imgs/ap3.jpg", "qty": 3, "price": 500.0, "total": 1500.0}}, {"model": "main.cartorderitems", "pk": 12, "fields": {"order": 6, "invoice_no": "INV-6", "item": "Kitanda", "image": "product_imgs/8bed.jpg", "qty": 1, "price": 15000.0, "total": 15000.0}}, {"model": "main.cartorderitems", "pk": 13, "fields": {"order": 7, "invoice_no": "INV-7", "item": "Simu", "image": "product_imgs/ap3.jpg", "qty": 3, "price": 500.0, "total": 1500.0}}, {"model": "main.cartorderitems", "pk": 14, "fields": {"order": 7, "invoice_no": "INV-7", "item": "Kitanda", "image": "product_imgs/8bed.jpg", "qty": 1, "price": 15000.0, "total": 15000.0}}, {"model": "main.cartorderitems", "pk": 15, "fields": {"order": 8, "invoice_no": "INV-8", "item": "Simu", "image": "product_imgs/ap3.jpg", "qty": 3, "price": 500.0, "total": 1500.0}}, {"model": "main.cartorderitems", "pk": 16, "fields": {"order": 8, "invoice_no": "INV-8", "item": "Kitanda", "image": "product_imgs/8bed.jpg", "qty": 1, "price": 15000.0, "total": 15000.0}}, {"model": "main.cartorderitems", "pk": 17, "fields": {"order": 9, "invoice_no": "INV-9", "item": "Simu", "image": "product_imgs/ap3.jpg", "qty": 3, "price": 500.0, "total": 1500.0}}, {"model": "main.cartorderitems", "pk": 18, "fields": {"order": 9, "invoice_no": "INV-9", "item": "Kitanda", "image": "product_imgs/8bed.jpg", "qty": 1, "price": 15000.0, "total": 15000.0}}, {"model": "main.cartorderitems", "pk": 19, "fields": {"order": 10, "invoice_no": "INV-10", "item": "Simu", "image": "product_imgs/ap3.jpg", "qty": 3, "price": 500.0, "total": 1500.0}}, {"model": "main.cartorderitems", "pk": 20, "fields": {"order": 10, "invoice_no": "INV-10", "item": "Kitanda", "image": "product_imgs/8bed.jpg", "qty": 1, "price": 15000.0, "total": 15000.0}}, {"model": "main.cartorderitems", "pk": 21, "fields": {"order": 11, "invoice_no": "INV-11", "item": "Simu", "image": "product_imgs/ap3.jpg", "qty": 3, "price": 500.0, "total": 1500.0}}, {"model": "main.cartorderitems", "pk": 22, "fields": {"order": 11, "invoice_no": "INV-11", "item": "Kitanda", "image": "product_imgs/8bed.jpg", "qty": 1, "price": 15000.0, "total": 15000.0}}, {"model": "main.cartorderitems", "pk": 23, "fields": {"order": 12, "invoice_no": "INV-12", "item": "Simu", "image": "product_imgs/ap3.jpg", "qty": 3, "price": 500.0, "total": 1500.0}}, {"model": "main.cartorderitems", "pk": 24, "fields": {"order": 12, "invoice_no": "INV-12", "item": "Kitanda", "image": "product_imgs/8bed.jpg", "qty": 1, "price": 15000.0, "total": 15000.0}}, {"model": "main.cartorderitems", "pk": 25, "fields": {"order": 13, "invoice_no": "INV-13", "item": "Kitanda", "image": "product_imgs/8bed.jpg", "qty": 1, "price": 15000.0, "total": 15000.0}}, {"model": "main.cartorderitems", "pk": 26, "fields": {"order": 13, "invoice_no": "INV-13", "item": "Simu", "image": "product_imgs/ap3.jpg", "qty": 1, "price": 500.0, "total": 500.0}}, {"model": "main.cartorderitems", "pk": 27, "fields": {"order": 14, "invoice_no": "INV-14", "item": "Kitanda", "image": "product_imgs/8bed.jpg", "qty": 1, "price": 15000.0, "total": 15000.0}}, {"model": "main.cartorderitems", "pk": 28, "fields": {"order": 15, "invoice_no": "INV-15", "item": "Chupa", "image": "product_imgs/2_iK3oAxP.jpg", "qty": 1, "price": 50.0, "total": 50.0}}, {"model": "main.cartorderitems", "pk": 29, "fields": {"order": 16, "invoice_no": "INV-16", "item": "Chupa", "image": "product_imgs/2_iK3oAxP.jpg", "qty": 1, "price": 50.0, "total": 50.0}}, {"model": "main.cartorderitems", "pk": 30, "fields": {"order": 17, "invoice_no": "INV-17", "item": "Chupa", "image": "product_imgs/2_iK3oAxP.jpg", "qty": 1, "price": 50.0, "total": 50.0}}, {"model": "main.cartorderitems", "pk": 31, "fields": {"order": 18, "invoice_no": "INV-18", "item": "Chupa", "image": "product_imgs/2_iK3oAxP.jpg", "qty": 1, "price": 50.0, "total": 50.0}}, {"model": "main.cartorderitems", "pk": 32, "fields": {"order": 19, "invoice_no": "INV-19", "item": "Chupa", "image": "product_imgs/2_iK3oAxP.jpg", "qty": 1, "price": 50.0, "total": 50.0}}, {"model": "main.cartorderitems", "pk": 33, "fields": {"order": 20, "invoice_no": "INV-20", "item": "Chupa", "image": "product_imgs/2_iK3oAxP.jpg", "qty": 1, "price": 50.0, "total": 50.0}}, {"model": "main.cartorderitems", "pk": 34, "fields": {"order": 21, "invoice_no": "INV-21", "item": "Chupa", "image": "product_imgs/2_iK3oAxP.jpg", "qty": 1, "price": 50.0, "total": 50.0}}, {"model": "main.cartorderitems", "pk": 35, "fields": {"order": 21, "invoice_no": "INV-21", "item": "Kitanda", "image": "product_imgs/8bed.jpg", "qty": 5, "price": 15000.0, "total": 75000.0}}, {"model": "main.cartorderitems", "pk": 36, "fields": {"order": 22, "invoice_no": "INV-22", "item": "Chupa", "image": "product_imgs/2_iK3oAxP.jpg", "qty": 1, "price": 50.0, "total": 50.0}}, {"model": "main.cartorderitems", "pk": 37, "fields": {"order": 22, "invoice_no": "INV-22", "item": "Kitanda", "image": "product_imgs/8bed.jpg", "qty": 5, "price": 15000.0, "total": 75000.0}}, {"model": "main.cartorderitems", "pk": 38, "fields": {"order": 23, "invoice_no": "INV-23", "item": "Chupa", "image": "product_imgs/2_iK3oAxP.jpg", "qty": 1, "price": 50.0, "total": 50.0}}, {"model": "main.cartorderitems", "pk": 39, "fields": {"order": 23, "invoice_no": "INV-23", "item": "Kitanda", "image": "product_imgs/8bed.jpg", "qty": 5, "price": 15000.0, "total": 75000.0}}, {"model": "main.cartorderitems", "pk": 40, "fields": {"order": 24, "invoice_no": "INV-24", "item": "Chupa", "image": "product_imgs/2_iK3oAxP.jpg", "qty": 1, "price": 50.0, "total": 50.0}}, {"model": "main.cartorderitems", "pk": 41, "fields": {"order": 24, "invoice_no": "INV-24", "item": "Kitanda", "image": "product_imgs/8bed.jpg", "qty": 5, "price": 15000.0, "total": 75000.0}}, {"model": "main.cartorderitems", "pk": 42, "fields": {"order": 25, "invoice_no": "INV-25", "item": "Chupa", "image": "product_imgs/2_iK3oAxP.jpg", "qty": 1, "price": 50.0, "total": 50.0}}, {"model": "main.cartorderitems", "pk": 43, "fields": {"order": 25, "invoice_no": "INV-25", "item": "Kitanda", "image": "product_imgs/8bed.jpg", "qty": 5, "price": 15000.0, "total": 75000.0}}, {"model": "main.cartorderitems", "pk": 44, "fields": {"order": 26, "invoice_no": "INV-26", "item": "Chupa", "image": "product_imgs/2_iK3oAxP.jpg", "qty": 1, "price": 50.0, "total": 50.0}}, {"model": "main.cartorderitems", "pk": 45, "fields": {"order": 26, "invoice_no": "INV-26", "item": "Kitanda", "image": "product_imgs/8bed.jpg", "qty": 5, "price": 15000.0, "total": 75000.0}}, {"model": "main.cartorderitems", "pk": 46, "fields": {"order": 27, "invoice_no": "INV-27", "item": "Chupa", "image": "product_imgs/2_iK3oAxP.jpg", "qty": 1, "price": 50.0, "total": 50.0}}, {"model": "main.cartorderitems", "pk": 47, "fields": {"order": 27, "invoice_no": "INV-27", "item": "Kitanda", "image": "product_imgs/8bed.jpg", "qty": 5, "price": 15000.0, "total": 75000.0}}, {"model": "main.cartorderitems", "pk": 48, "fields": {"order": 28, "invoice_no": "INV-28", "item": "Chupa", "image": "product_imgs/2_iK3oAxP.jpg", "qty": 1, "price": 50.0, "total": 50.0}}, {"model": "main.cartorderitems", "pk": 49, "fields": {"order": 28, "invoice_no": "INV-28", "item": "Kitanda", "image": "product_imgs/8bed.jpg", "qty": 5, "price": 15000.0, "total": 75000.0}}, {"model": "main.cartorderitems", "pk": 50, "fields": {"order": 29, "invoice_no": "INV-29", "item": "Chupa", "image": "product_imgs/2_iK3oAxP.jpg", "qty": 1, "price": 50.0, "total": 50.0}}, {"model": "main.cartorderitems", "pk": 51, "fields": {"order": 29, "invoice_no": "INV-29", "item": "Kitanda", "image": "product_imgs/8bed.jpg", "qty": 5, "price": 15000.0, "total": 75000.0}}, {"model": "main.cartorderitems", "pk": 52, "fields": {"order": 30, "invoice_no": "INV-30", "item": "Chupa", "image": "product_imgs/2_iK3oAxP.jpg", "qty": 1, "price": 50.0, "total": 50.0}}, {"model": "main.cartorderitems", "pk": 53, "fields": {"order": 30, "invoice_no": "INV-30", "item": "Kitanda", "image": "product_imgs/8bed.jpg", "qty": 5, "price": 15000.0, "total": 75000.0}}, {"model": "main.cartorderitems", "pk": 54, "fields": {"order": 31, "invoice_no": "INV-31", "item": "Chupa", "image": "product_imgs/2_iK3oAxP.jpg", "qty": 1, "price": 50.0, "total": 50.0}}, {"model": "main.cartorderitems", "pk": 55, "fields": {"order": 31, "invoice_no": "INV-31", "item": "Kitanda", "image": "product_imgs/8bed.jpg", "qty": 5, "price": 15000.0, "total": 75000.0}}, {"model": "main.cartorderitems", "pk": 56, "fields": {"order": 32, "invoice_no": "INV-32", "item": "Chupa", "image": "product_imgs/2_iK3oAxP.jpg", "qty": 1, "price": 50.0, "total": 50.0}}, {"model": "main.cartorderitems", "pk": 57, "fields": {"order": 32, "invoice_no": "INV-32", "item": "Kitanda", "image": "product_imgs/8bed.jpg", "qty": 5, "price": 15000.0, "total": 75000.0}}, {"model": "main.cartorderitems", "pk": 58, "fields": {"order": 33, "invoice_no": "INV-33", "item": "Chupa", "image": "product_imgs/2_iK3oAxP.jpg", "qty": 1, "price": 50.0, "total": 50.0}}, {"model": "main.cartorderitems", "pk": 59, "fields": {"order": 33, "invoice_no": "INV-33", "item": "Kitanda", "image": "product_imgs/8bed.jpg", "qty": 5, "price": 15000.0, "total": 75000.0}}, {"model": "main.cartorderitems", "pk": 60, "fields": {"order": 34, "invoice_no": "INV-34", "item": "Chupa", "image": "product_imgs/2_iK3oAxP.jpg", "qty": 1, "price": 50.0, "total": 50.0}}, {"model": "main.cartorderitems", "pk": 61, "fields": {"order": 34, "invoice_no": "INV-34", "item": "Kitanda", "image": "product_imgs/8bed.jpg", "qty": 5, "price": 15000.0, "total": 75000.0}}, {"model": "main.cartorderitems", "pk": 62, "fields": {"order": 35, "invoice_no": "INV-35", "item": "Chupa", "image": "product_imgs/2_iK3oAxP.jpg", "qty": 1, "price": 50.0, "total": 50.0}}, {"model": "main.cartorderitems", "pk": 63, "fields": {"order": 35, "invoice_no": "INV-35", "item": "Kitanda", "image": "product_imgs/8bed.jpg", "qty": 5, "price": 15000.0, "total": 75000.0}}, {"model": "main.cartorderitems", "pk": 64, "fields": {"order": 36, "invoice_no": "INV-36", "item": "Chupa", "image": "product_imgs/2_iK3oAxP.jpg", "qty": 1, "price": 50.0, "total": 50.0}}, {"model": "main.cartorderitems", "pk": 65, "fields": {"order": 36, "invoice_no": "INV-36", "item": "Kitanda", "image": "product_imgs/8bed.jpg", "qty": 5, "price": 15000.0, "total": 75000.0}}, {"model": "main.cartorderitems", "pk": 66, "fields": {"order": 37, "invoice_no": "INV-37", "item": "Chupa", "image": "product_imgs/2_iK3oAxP.jpg", "qty": 1, "price": 50.0, "total": 50.0}}, {"model": "main.cartorderitems", "pk": 67, "fields": {"order": 37, "invoice_no": "INV-37", "item": "Kitanda", "image": "product_imgs/8bed.jpg", "qty": 5, "price": 15000.0, "total": 75000.0}}, {"model": "main.cartorderitems", "pk": 68, "fields": {"order": 38, "invoice_no": "INV-38", "item": "Chupa", "image": "product_imgs/2_iK3oAxP.jpg", "qty": 1, "price": 50.0, "total": 50.0}}, {"model": "main.cartorderitems", "pk": 69, "fields": {"order": 38, "invoice_no": "INV-38", "item": "Kitanda", "image": "product_imgs/8bed.jpg", "qty": 5, "price": 15000.0, "total": 75000.0}}, {"model": "main.cartorderitems", "pk": 70, "fields": {"order": 39, "invoice_no": "INV-39", "item": "Chupa", "image": "product_imgs/2_iK3oAxP.jpg", "qty": 1, "price": 50.0, "total": 50.0}}, {"model": "main.cartorderitems", "pk": 71, "fields": {"order": 39, "invoice_no": "INV-39", "item": "Kitanda", "image": "product_imgs/8bed.jpg", "qty": 5, "price": 15000.0, "total": 75000.0}}, {"model": "main.cartorderitems", "pk": 72, "fields": {"order": 40, "invoice_no": "INV-40", "item": "Chupa", "image": "product_imgs/2_iK3oAxP.jpg", "qty": 1, "price": 50.0, "total": 50.0}}, {"model": "main.cartorderitems", "pk": 73, "fields": {"order": 40, "invoice_no": "INV-40", "item": "Kitanda", "image": "product_imgs/8bed.jpg", "qty": 5, "price": 15000.0, "total": 75000.0}}, {"model": "main.cartorderitems", "pk": 74, "fields": {"order": 41, "invoice_no": "INV-41", "item": "Chupa", "image": "product_imgs/2_iK3oAxP.jpg", "qty": 1, "price": 50.0, "total": 50.0}}, {"model": "main.cartorderitems", "pk": 75, "fields": {"order": 41, "invoice_no": "INV-41", "item": "Kitanda", "image": "product_imgs/8bed.jpg", "qty": 5, "price": 15000.0, "total": 75000.0}}, {"model": "main.cartorderitems", "pk": 76, "fields": {"order": 42, "invoice_no": "INV-42", "item": "Chupa", "image": "product_imgs/2_iK3oAxP.jpg", "qty": 1, "price": 50.0, "total": 50.0}}, {"model": "main.cartorderitems", "pk": 77, "fields": {"order": 42, "invoice_no": "INV-42", "item": "Kitanda", "image": "product_imgs/8bed.jpg", "qty": 5, "price": 15000.0, "total": 75000.0}}, {"model": "main.cartorderitems", "pk": 78, "fields": {"order": 43, "invoice_no": "INV-43", "item": "Chupa", "image": "product_imgs/2_iK3oAxP.jpg", "qty": 1, "price": 50.0, "total": 50.0}}, {"model": "main.cartorderitems", "pk": 79, "fields": {"order": 43, "invoice_no": "INV-43", "item": "Kitanda", "image": "product_imgs/8bed.jpg", "qty": 5, "price": 15000.0, "total": 75000.0}}, {"model": "main.cartorderitems", "pk": 80, "fields": {"order": 44, "invoice_no": "INV-44", "item": "Chupa", "image": "product_imgs/2_iK3oAxP.jpg", "qty": 1, "price": 50.0, "total": 50.0}}, {"model": "main.cartorderitems", "pk": 81, "fields": {"order": 44, "invoice_no": "INV-44", "item": "Kitanda", "image": "product_imgs/8bed.jpg", "qty": 5, "price": 15000.0, "total": 75000.0}}, {"model": "main.cartorderitems", "pk": 82, "fields": {"order": 45, "invoice_no": "INV-45", "item": "Chupa", "image": "product_imgs/2_iK3oAxP.jpg", "qty": 1, "price": 50.0, "total": 50.0}}, {"model": "main.cartorderitems", "pk": 83, "fields": {"order": 46, "invoice_no": "INV-46", "item": "Chupa", "image": "product_imgs/2_iK3oAxP.jpg", "qty": 1, "price": 50.0, "total": 50.0}}, {"model": "main.cartorderitems", "pk": 84, "fields": {"order": 47, "invoice_no": "INV-47", "item": "Chupa", "image": "product_imgs/2_iK3oAxP.jpg", "qty": 1, "price": 50.0, "total": 50.0}}, {"model": "main.cartorderitems", "pk": 85, "fields": {"order": 48, "invoice_no": "INV-48", "item": "Chupa", "image": "product_imgs/2_iK3oAxP.jpg", "qty": 1, "price": 50.0, "total": 50.0}}, {"model": "main.cartorderitems", "pk": 86, "fields": {"order": 49, "invoice_no": "INV-49", "item": "Chupa", "image": "product_imgs/2_iK3oAxP.jpg", "qty": 1, "price": 50.0, "total": 50.0}}, {"model": "main.cartorderitems", "pk": 87, "fields": {"order": 50, "invoice_no": "INV-50", "item": "Chupa", "image": "product_imgs/2_iK3oAxP.jpg", "qty": 1, "price": 50.0, "total": 50.0}}, {"model": "main.cartorderitems", "pk": 88, "fields": {"order": 51, "invoice_no": "INV-51", "item": "Chupa", "image": "product_imgs/2_iK3oAxP.jpg", "qty": 1, "price": 50.0, "total": 50.0}}, {"model": "main.cartorderitems", "pk": 89, "fields": {"order": 52, "invoice_no": "INV-52", "item": "Chupa", "image": "product_imgs/2_iK3oAxP.jpg", "qty": 1, "price": 50.0, "total": 50.0}}, {"model": "main.cartorderitems", "pk": 90, "fields": {"order": 53, "invoice_no": "INV-53", "item": "Chupa", "image": "product_imgs/2_iK3oAxP.jpg", "qty": 1, "price": 50.0, "total": 50.0}}, {"model": "main.cartorderitems", "pk": 91, "fields": {"order": 54, "invoice_no": "INV-54", "item": "Chupa", "image": "product_imgs/2_iK3oAxP.jpg", "qty": 1, "price": 50.0, "total": 50.0}}, {"model": "main.cartorderitems", "pk": 92, "fields": {"order": 55, "invoice_no": "INV-55", "item": "Chupa", "image": "product_imgs/2_iK3oAxP.jpg", "qty": 1, "price": 50.0, "total": 50.0}}, {"model": "main.cartorderitems", "pk": 93, "fields": {"order": 55, "invoice_no": "INV-55", "item": "Kitanda", "image": "product_imgs/8bed.jpg", "qty": 1, "price": 15000.0, "total": 15000.0}}, {"model": "main.wishlist", "pk": 2, "fields": {"user": 1, "product": 4}}, {"model": "main.wishlist", "pk": 3, "fields": {"user": 1, "product": 3}}, {"model": "main.wishlist", "pk": 4, "fields": {"user": 1, "product": 2}}, {"model": "main.stkpushrequest", "pk": 1, "fields": {"phone_number": "254XXXXXXXXX", "total_amt": "75050.00"}}, {"model": "main.stkpushrequest", "pk": 2, "fields": {"phone_number": "254XXXXXXXXX", "total_amt": "0.00"}}, {"model": "main.stkpushrequest", "pk": 3, "fields": {"phone_number": "0701432227", "total_amt": "75050.00"}}, {"model": "main.stkpushrequest", "pk": 4, "fields": {"phone_number": "0701432227", "total_amt": "75050.00"}}, {"model": "main.stkpushrequest", "pk": 5, "fields": {"phone_number": "0701432227", "total_amt": "75050.00"}}, {"model": "main.stkpushrequest", "pk": 6, "fields": {"phone_number": "0701432227", "total_amt": "75050.00"}}, {"model": "main.stkpushrequest", "pk": 7, "fields": {"phone_number": "0701432227", "total_amt": "75050.00"}}, {"model": "main.stkpushrequest", "pk": 8, "fields": {"phone_number": "0701432227", "total_amt": "75050.00"}}, {"model": "main.stkpushrequest", "pk": 9, "fields": {"phone_number": "0722928291", "total_amt": "75050.00"}}, {"model": "main.stkpushrequest", "pk": 10, "fields": {"phone_number": "0701432227", "total_amt": "75050.00"}}, {"model": "main.stkpushrequest", "pk": 11, "fields": {"phone_number": "0701432227", "total_amt": "75050.00"}}, {"model": "main.stkpushrequest", "pk": 12, "fields": {"phone_number": "0701432227", "total_amt": "75050.00"}}, {"model": "main.stkpushrequest", "pk": 13, "fields": {"phone_number": "0701432227", "total_amt": "75050.00"}}, {"model": "main.stkpushrequest", "pk": 14, "fields": {"phone_number": "0701432227", "total_amt": "75050.00"}}, {"model": "main.stkpushrequest", "pk": 15, "fields": {"phone_number": "0701432227", "total_amt": "75050.00"}}, {"model": "main.stkpushrequest", "pk": 16, "fields": {"phone_number": "0701432227", "total_amt": "75050.00"}}, {"model": "main.stkpushrequest", "pk": 17, "fields": {"phone_number": "0701432227", "total_amt": "75050.00"}}, {"model": "main.stkpushrequest", "pk": 18, "fields": {"phone_number": "0701432227", "total_amt": "75050.00"}}, {"model": "main.stkpushrequest", "pk": 19, "fields": {"phone_number": "0701432227", "total_amt": "75050.00"}}, {"model": "main.stkpushrequest", "pk": 20, "fields": {"phone_number": "0701432227", "total_amt": "75050.00"}}, {"model": "main.stkpushrequest", "pk": 21, "fields": {"phone_number": "0701432227", "total_amt": "75050.00"}}, {"model": "main.stkpushrequest", "pk": 22, "fields": {"phone_number": "0701432227", "total_amt": "75050.00"}}, {"model": "main.stkpushrequest", "pk": 23, "fields": {"phone_number": "0701432227", "total_amt": "75050.00"}}, {"model": "main.stkpushrequest", "pk": 24, "fields": {"phone_number": "0722928291", "total_amt": "75050.00"}}, {"model": "main.stkpushrequest", "pk": 25, "fields": {"phone_number": "0701432227", "total_amt": "75050.00"}}, {"model": "main.stkpushrequest", "pk": 26, "fields": {"phone_number": "0701432227", "total_amt": "50.00"}}, {"model": "main.stkpushrequest", "pk": 27, "fields": {"phone_number": "254701432227", "total_amt": "50.00"}}, {"model": "main.stkpushrequest", "pk": 28, "fields": {"phone_number": "254701432227", "total_amt": "50.00"}}, {"model": "dashboard.userdashboardmodule", "pk": 1, "fields": {"title": "Quick links", "module": "jet.dashboard.modules.LinkList", "app_label": null, "user": 1, "column": 0, "order": 0, "settings": "{\"draggable\": false, \"deletable\": false, \"collapsible\": false, \"layout\": \"inline\"}", "children": "[{\"title\": \"Return to site\", \"url\": \"/\"}, {\"title\": \"Change password\", \"url\": \"/admin/password_change/\"}, {\"title\": \"Log out\", \"url\": \"/admin/logout/\"}]", "collapsed": false}}, {"model": "dashboard.userdashboardmodule", "pk": 2, "fields": {"title": "Applications", "module": "jet.dashboard.modules.AppList", "app_label": null, "user": 1, "column": 1, "order": 0, "settings": "{\"models\": null, \"exclude\": [\"auth.*\"]}", "children": "", "collapsed": false}}, {"model": "dashboard.userdashboardmodule", "pk": 3, "fields": {"title": "Administration", "module": "jet.dashboard.modules.AppList", "app_label": null, "user": 1, "column": 2, "order": 0, "settings": "{\"models\": [\"auth.*\"], \"exclude\": null}", "children": "", "collapsed": false}}, {"model": "dashboard.userdashboardmodule", "pk": 4, "fields": {"title": "Recent Actions", "module": "jet.dashboard.modules.RecentActions", "app_label": null, "user": 1, "column": 0, "order": 1, "settings": "{\"limit\": 10, \"include_list\": null, \"exclude_list\": null, \"user\": null}", "children": "", "collapsed": false}}, {"model": "dashboard.userdashboardmodule", "pk": 5, "fields": {"title": "Latest Django News", "module": "jet.dashboard.modules.Feed", "app_label": null, "user": 1, "column": 1, "order": 1, "settings": "{\"feed_url\": \"http://www.djangoproject.com/rss/weblog/\", \"limit\": 5}", "children": "", "collapsed": true}}, {"model": "dashboard.userdashboardmodule", "pk": 6, "fields": {"title": "Support", "module": "jet.dashboard.modules.LinkList", "app_label": null, "user": 1, "column": 2, "order": 1, "settings": "{\"draggable\": true, \"deletable\": true, \"collapsible\": true, \"layout\": \"stacked\"}", "children": "[{\"title\": \"Django documentation\", \"url\": \"http://docs.djangoproject.com/\", \"external\": true}, {\"title\": \"Django \\\"django-users\\\" mailing list\", \"url\": \"http://groups.google.com/group/django-users\", \"external\": true}, {\"title\": \"Django irc channel\", \"url\": \"irc://irc.freenode.net/django\", \"external\": true}]", "collapsed": false}}, {"model": "dashboard.userdashboardmodule", "pk": 7, "fields": {"title": "Application models", "module": "jet.dashboard.modules.ModelList", "app_label": "main", "user": 1, "column": 0, "order": 0, "settings": "{\"models\": [\"main.*\"], \"exclude\": null}", "children": "", "collapsed": false}}, {"model": "dashboard.userdashboardmodule", "pk": 8, "fields": {"title": "Recent Actions", "module": "jet.dashboard.modules.RecentActions", "app_label": "main", "user": 1, "column": 1, "order": 0, "settings": "{\"limit\": 10, \"include_list\": [\"main.*\"], \"exclude_list\": null, \"user\": null}", "children": "", "collapsed": false}}, {"model": "dashboard.userdashboardmodule", "pk": 9, "fields": {"title": "Application models", "module": "jet.dashboard.modules.ModelList", "app_label": "auth", "user": 1, "column": 0, "order": 0, "settings": "{\"models\": [\"auth.*\"], \"exclude\": null}", "children": "", "collapsed": false}}, {"model": "dashboard.userdashboardmodule", "pk": 10, "fields": {"title": "Recent Actions", "module": "jet.dashboard.modules.RecentActions", "app_label": "auth", "user": 1, "column": 1, "order": 0, "settings": "{\"limit\": 10, \"include_list\": [\"auth.*\"], \"exclude_list\": null, \"user\": null}", "children": "", "collapsed": false}}, {"model": "admin.logentry", "pk": 1, "fields": {"action_time": "2023-09-26T15:34:34.679Z", "user": 1, "content_type": 8, "object_id": "1", "object_repr": "Mobile Accessories", "action_flag": 1, "change_message": "[{\"added\": {}}]"}}, {"model": "admin.logentry", "pk": 2, "fields": {"action_time": "2023-09-26T18:38:34.709Z", "user": 1, "content_type": 8, "object_id": "2", "object_repr": "health", "action_flag": 1, "change_message": "[{\"added\": {}}]"}}, {"model": "admin.logentry", "pk": 3, "fields": {"action_time": "2023-09-26T18:39:08.850Z", "user": 1, "content_type": 8, "object_id": "3", "object_repr": "sports", "action_flag": 1, "change_message": "[{\"added\": {}}]"}}, {"model": "admin.logentry", "pk": 4, "fields": {"action_time": "2023-09-26T18:39:34.186Z", "user": 1, "content_type": 8, "object_id": "4", "object_repr": "music", "action_flag": 1, "change_message": "[{\"added\": {}}]"}}, {"model": "admin.logentry", "pk": 5, "fields": {"action_time": "2023-09-26T18:41:36.377Z", "user": 1, "content_type": 7, "object_id": "1", "object_repr": "Phones", "action_flag": 1, "change_message": "[{\"added\": {}}]"}}, {"model": "admin.logentry", "pk": 6, "fields": {"action_time": "2023-09-26T18:42:05.529Z", "user": 1, "content_type": 7, "object_id": "2", "object_repr": "Health", "action_flag": 1, "change_message": "[{\"added\": {}}]"}}, {"model": "admin.logentry", "pk": 7, "fields": {"action_time": "2023-09-26T18:42:30.640Z", "user": 1, "content_type": 7, "object_id": "3", "object_repr": "lifestyle", "action_flag": 1, "change_message": "[{\"added\": {}}]"}}, {"model": "admin.logentry", "pk": 8, "fields": {"action_time": "2023-09-26T18:43:03.038Z", "user": 1, "content_type": 7, "object_id": "4", "object_repr": "sports", "action_flag": 1, "change_message": "[{\"added\": {}}]"}}, {"model": "admin.logentry", "pk": 9, "fields": {"action_time": "2023-09-26T18:43:19.518Z", "user": 1, "content_type": 7, "object_id": "5", "object_repr": "kitchen", "action_flag": 1, "change_message": "[{\"added\": {}}]"}}, {"model": "admin.logentry", "pk": 10, "fields": {"action_time": "2023-09-26T18:44:34.469Z", "user": 1, "content_type": 10, "object_id": "1", "object_repr": "kitchen", "action_flag": 1, "change_message": "[{\"added\": {}}]"}}, {"model": "admin.logentry", "pk": 11, "fields": {"action_time": "2023-09-26T18:44:51.307Z", "user": 1, "content_type": 10, "object_id": "2", "object_repr": "yatch", "action_flag": 1, "change_message": "[{\"added\": {}}]"}}, {"model": "admin.logentry", "pk": 12, "fields": {"action_time": "2023-09-26T18:45:14.019Z", "user": 1, "content_type": 10, "object_id": "3", "object_repr": "lifestyle", "action_flag": 1, "change_message": "[{\"added\": {}}]"}}, {"model": "admin.logentry", "pk": 13, "fields": {"action_time": "2023-09-26T18:47:50.183Z", "user": 1, "content_type": 17, "object_id": "1", "object_repr": "Sports", "action_flag": 1, "change_message": "[{\"added\": {}}]"}}, {"model": "admin.logentry", "pk": 14, "fields": {"action_time": "2023-10-01T16:37:52.450Z", "user": 1, "content_type": 17, "object_id": "1", "object_repr": "Sports", "action_flag": 3, "change_message": ""}}, {"model": "admin.logentry", "pk": 15, "fields": {"action_time": "2023-10-01T16:40:23.374Z", "user": 1, "content_type": 10, "object_id": "3", "object_repr": "lifestyle", "action_flag": 3, "change_message": ""}}, {"model": "admin.logentry", "pk": 16, "fields": {"action_time": "2023-10-01T16:40:23.706Z", "user": 1, "content_type": 10, "object_id": "2", "object_repr": "yatch", "action_flag": 3, "change_message": ""}}, {"model": "admin.logentry", "pk": 17, "fields": {"action_time": "2023-10-01T16:40:23.828Z", "user": 1, "content_type": 10, "object_id": "1", "object_repr": "kitchen", "action_flag": 3, "change_message": ""}}, {"model": "admin.logentry", "pk": 18, "fields": {"action_time": "2023-10-01T16:44:05.027Z", "user": 1, "content_type": 7, "object_id": "5", "object_repr": "kitchen", "action_flag": 3, "change_message": ""}}, {"model": "admin.logentry", "pk": 19, "fields": {"action_time": "2023-10-01T16:44:05.275Z", "user": 1, "content_type": 7, "object_id": "4", "object_repr": "sports", "action_flag": 3, "change_message": ""}}, {"model": "admin.logentry", "pk": 20, "fields": {"action_time": "2023-10-01T16:44:05.428Z", "user": 1, "content_type": 7, "object_id": "3", "object_repr": "lifestyle", "action_flag": 3, "change_message": ""}}, {"model": "admin.logentry", "pk": 21, "fields": {"action_time": "2023-10-01T16:44:05.528Z", "user": 1, "content_type": 7, "object_id": "2", "object_repr": "Health", "action_flag": 3, "change_message": ""}}, {"model": "admin.logentry", "pk": 22, "fields": {"action_time": "2023-10-01T16:44:05.629Z", "user": 1, "content_type": 7, "object_id": "1", "object_repr": "Phones", "action_flag": 3, "change_message": ""}}, {"model": "admin.logentry", "pk": 23, "fields": {"action_time": "2023-10-01T16:47:47.159Z", "user": 1, "content_type": 8, "object_id": "3", "object_repr": "sports", "action_flag": 3, "change_message": ""}}, {"model": "admin.logentry", "pk": 24, "fields": {"action_time": "2023-10-01T16:48:56.477Z", "user": 1, "content_type": 8, "object_id": "4", "object_repr": "music", "action_flag": 3, "change_message": ""}}, {"model": "admin.logentry", "pk": 25, "fields": {"action_time": "2023-10-01T16:50:49.756Z", "user": 1, "content_type": 7, "object_id": "6", "object_repr": "Bottles", "action_flag": 1, "change_message": "[{\"added\": {}}]"}}, {"model": "admin.logentry", "pk": 26, "fields": {"action_time": "2023-10-01T16:51:19.323Z", "user": 1, "content_type": 7, "object_id": "7", "object_repr": "Beds", "action_flag": 1, "change_message": "[{\"added\": {}}]"}}, {"model": "admin.logentry", "pk": 27, "fields": {"action_time": "2023-10-01T16:51:48.538Z", "user": 1, "content_type": 7, "object_id": "8", "object_repr": "Phones", "action_flag": 1, "change_message": "[{\"added\": {}}]"}}, {"model": "admin.logentry", "pk": 28, "fields": {"action_time": "2023-10-01T16:56:46.437Z", "user": 1, "content_type": 10, "object_id": "4", "object_repr": "Refreshments", "action_flag": 1, "change_message": "[{\"added\": {}}]"}}, {"model": "admin.logentry", "pk": 29, "fields": {"action_time": "2023-10-01T16:57:11.948Z", "user": 1, "content_type": 10, "object_id": "5", "object_repr": "Lifestyle", "action_flag": 1, "change_message": "[{\"added\": {}}]"}}, {"model": "admin.logentry", "pk": 30, "fields": {"action_time": "2023-10-01T16:57:36.254Z", "user": 1, "content_type": 10, "object_id": "6", "object_repr": "Technology", "action_flag": 1, "change_message": "[{\"added\": {}}]"}}, {"model": "admin.logentry", "pk": 31, "fields": {"action_time": "2023-10-01T17:08:30.443Z", "user": 1, "content_type": 13, "object_id": "1", "object_repr": "Red", "action_flag": 1, "change_message": "[{\"added\": {}}]"}}, {"model": "admin.logentry", "pk": 32, "fields": {"action_time": "2023-10-01T17:08:56.006Z", "user": 1, "content_type": 13, "object_id": "2", "object_repr": "Black", "action_flag": 1, "change_message": "[{\"added\": {}}]"}}, {"model": "admin.logentry", "pk": 33, "fields": {"action_time": "2023-10-01T17:09:24.280Z", "user": 1, "content_type": 13, "object_id": "3", "object_repr": "White", "action_flag": 1, "change_message": "[{\"added\": {}}]"}}, {"model": "admin.logentry", "pk": 34, "fields": {"action_time": "2023-10-01T17:09:43.801Z", "user": 1, "content_type": 13, "object_id": "3", "object_repr": "White", "action_flag": 3, "change_message": ""}}, {"model": "admin.logentry", "pk": 35, "fields": {"action_time": "2023-10-01T17:10:18.926Z", "user": 1, "content_type": 13, "object_id": "4", "object_repr": "Lime", "action_flag": 1, "change_message": "[{\"added\": {}}]"}}, {"model": "admin.logentry", "pk": 36, "fields": {"action_time": "2023-10-01T17:10:57.983Z", "user": 1, "content_type": 9, "object_id": "1", "object_repr": "1", "action_flag": 1, "change_message": "[{\"added\": {}}]"}}, {"model": "admin.logentry", "pk": 37, "fields": {"action_time": "2023-10-01T17:11:03.557Z", "user": 1, "content_type": 9, "object_id": "2", "object_repr": "2", "action_flag": 1, "change_message": "[{\"added\": {}}]"}}, {"model": "admin.logentry", "pk": 38, "fields": {"action_time": "2023-10-01T17:11:09.639Z", "user": 1, "content_type": 9, "object_id": "3", "object_repr": "3", "action_flag": 1, "change_message": "[{\"added\": {}}]"}}, {"model": "admin.logentry", "pk": 39, "fields": {"action_time": "2023-10-01T17:13:41.832Z", "user": 1, "content_type": 17, "object_id": "2", "object_repr": "Simu", "action_flag": 1, "change_message": "[{\"added\": {}}]"}}, {"model": "admin.logentry", "pk": 40, "fields": {"action_time": "2023-10-01T17:18:04.304Z", "user": 1, "content_type": 17, "object_id": "3", "object_repr": "Chupa", "action_flag": 1, "change_message": "[{\"added\": {}}]"}}, {"model": "admin.logentry", "pk": 41, "fields": {"action_time": "2023-10-01T17:19:03.673Z", "user": 1, "content_type": 17, "object_id": "4", "object_repr": "Kitanda", "action_flag": 1, "change_message": "[{\"added\": {}}]"}}, {"model": "admin.logentry", "pk": 42, "fields": {"action_time": "2023-10-01T17:21:16.936Z", "user": 1, "content_type": 15, "object_id": "1", "object_repr": "Simu", "action_flag": 1, "change_message": "[{\"added\": {}}]"}}, {"model": "admin.logentry", "pk": 43, "fields": {"action_time": "2023-10-01T17:21:56.382Z", "user": 1, "content_type": 15, "object_id": "2", "object_repr": "Chupa", "action_flag": 1, "change_message": "[{\"added\": {}}]"}}, {"model": "admin.logentry", "pk": 44, "fields": {"action_time": "2023-10-01T17:22:42.394Z", "user": 1, "content_type": 15, "object_id": "3", "object_repr": "Kitanda", "action_flag": 1, "change_message": "[{\"added\": {}}]"}}, {"model": "admin.logentry", "pk": 45, "fields": {"action_time": "2023-10-02T16:58:35.761Z", "user": 1, "content_type": 11, "object_id": "1", "object_repr": "ProductReview object (1)", "action_flag": 3, "change_message": ""}}, {"model": "admin.logentry", "pk": 46, "fields": {"action_time": "2023-10-03T15:36:10.588Z", "user": 1, "content_type": 14, "object_id": "14", "object_repr": "CartOrder object (14)", "action_flag": 2, "change_message": "[{\"changed\": {\"fields\": [\"Order status\"]}}]"}}, {"model": "admin.logentry", "pk": 47, "fields": {"action_time": "2023-10-03T15:36:51.088Z", "user": 1, "content_type": 14, "object_id": "13", "object_repr": "CartOrder object (13)", "action_flag": 2, "change_message": "[{\"changed\": {\"fields\": [\"Order status\"]}}]"}}, {"model": "admin.logentry", "pk": 48, "fields": {"action_time": "2023-10-03T15:36:51.088Z", "user": 1, "content_type": 14, "object_id": "12", "object_repr": "CartOrder object (12)", "action_flag": 2, "change_message": "[{\"changed\": {\"fields\": [\"Order status\"]}}]"}}, {"model": "admin.logentry", "pk": 49, "fields": {"action_time": "2023-10-03T15:36:51.088Z", "user": 1, "content_type": 14, "object_id": "11", "object_repr": "CartOrder object (11)", "action_flag": 2, "change_message": "[{\"changed\": {\"fields\": [\"Order status\"]}}]"}}, {"model": "admin.logentry", "pk": 50, "fields": {"action_time": "2023-10-03T15:36:51.088Z", "user": 1, "content_type": 14, "object_id": "10", "object_repr": "CartOrder object (10)", "action_flag": 2, "change_message": "[{\"changed\": {\"fields\": [\"Order status\"]}}]"}}, {"model": "admin.logentry", "pk": 51, "fields": {"action_time": "2023-10-03T15:36:51.088Z", "user": 1, "content_type": 14, "object_id": "9", "object_repr": "CartOrder object (9)", "action_flag": 2, "change_message": "[{\"changed\": {\"fields\": [\"Order status\"]}}]"}}, {"model": "admin.logentry", "pk": 52, "fields": {"action_time": "2023-10-03T15:36:51.088Z", "user": 1, "content_type": 14, "object_id": "8", "object_repr": "CartOrder object (8)", "action_flag": 2, "change_message": "[{\"changed\": {\"fields\": [\"Order status\"]}}]"}}, {"model": "admin.logentry", "pk": 53, "fields": {"action_time": "2023-10-03T15:36:51.088Z", "user": 1, "content_type": 14, "object_id": "7", "object_repr": "CartOrder object (7)", "action_flag": 2, "change_message": "[{\"changed\": {\"fields\": [\"Order status\"]}}]"}}, {"model": "admin.logentry", "pk": 54, "fields": {"action_time": "2023-10-05T17:32:16.979Z", "user": 1, "content_type": 23, "object_id": "1", "object_repr": "company x", "action_flag": 1, "change_message": "[{\"added\": {}}]"}}, {"model": "admin.logentry", "pk": 55, "fields": {"action_time": "2023-10-07T20:54:20.341Z", "user": 1, "content_type": 14, "object_id": "14", "object_repr": "CartOrder object (14)", "action_flag": 2, "change_message": "[{\"changed\": {\"fields\": [\"Order status\"]}}]"}}, {"model": "admin.logentry", "pk": 56, "fields": {"action_time": "2023-10-07T20:54:20.372Z", "user": 1, "content_type": 14, "object_id": "12", "object_repr": "CartOrder object (12)", "action_flag": 2, "change_message": "[{\"changed\": {\"fields\": [\"Paid status\"]}}]"}}, {"model": "auth.permission", "pk": 1, "fields": {"name": "Can add log entry", "content_type": 1, "codename": "add_logentry"}}, {"model": "auth.permission", "pk": 2, "fields": {"name": "Can change log entry", "content_type": 1, "codename": "change_logentry"}}, {"model": "auth.permission", "pk": 3, "fields": {"name": "Can delete log entry", "content_type": 1, "codename": "delete_logentry"}}, {"model": "auth.permission", "pk": 4, "fields": {"name": "Can view log entry", "content_type": 1, "codename": "view_logentry"}}, {"model": "auth.permission", "pk": 5, "fields": {"name": "Can add permission", "content_type": 2, "codename": "add_permission"}}, {"model": "auth.permission", "pk": 6, "fields": {"name": "Can change permission", "content_type": 2, "codename": "change_permission"}}, {"model": "auth.permission", "pk": 7, "fields": {"name": "Can delete permission", "content_type": 2, "codename": "delete_permission"}}, {"model": "auth.permission", "pk": 8, "fields": {"name": "Can view permission", "content_type": 2, "codename": "view_permission"}}, {"model": "auth.permission", "pk": 9, "fields": {"name": "Can add group", "content_type": 3, "codename": "add_group"}}, {"model": "auth.permission", "pk": 10, "fields": {"name": "Can change group", "content_type": 3, "codename": "change_group"}}, {"model": "auth.permission", "pk": 11, "fields": {"name": "Can delete group", "content_type": 3, "codename": "delete_group"}}, {"model": "auth.permission", "pk": 12, "fields": {"name": "Can view group", "content_type": 3, "codename": "view_group"}}, {"model": "auth.permission", "pk": 13, "fields": {"name": "Can add user", "content_type": 4, "codename": "add_user"}}, {"model": "auth.permission", "pk": 14, "fields": {"name": "Can change user", "content_type": 4, "codename": "change_user"}}, {"model": "auth.permission", "pk": 15, "fields": {"name": "Can delete user", "content_type": 4, "codename": "delete_user"}}, {"model": "auth.permission", "pk": 16, "fields": {"name": "Can view user", "content_type": 4, "codename": "view_user"}}, {"model": "auth.permission", "pk": 17, "fields": {"name": "Can add content type", "content_type": 5, "codename": "add_contenttype"}}, {"model": "auth.permission", "pk": 18, "fields": {"name": "Can change content type", "content_type": 5, "codename": "change_contenttype"}}, {"model": "auth.permission", "pk": 19, "fields": {"name": "Can delete content type", "content_type": 5, "codename": "delete_contenttype"}}, {"model": "auth.permission", "pk": 20, "fields": {"name": "Can view content type", "content_type": 5, "codename": "view_contenttype"}}, {"model": "auth.permission", "pk": 21, "fields": {"name": "Can add session", "content_type": 6, "codename": "add_session"}}, {"model": "auth.permission", "pk": 22, "fields": {"name": "Can change session", "content_type": 6, "codename": "change_session"}}, {"model": "auth.permission", "pk": 23, "fields": {"name": "Can delete session", "content_type": 6, "codename": "delete_session"}}, {"model": "auth.permission", "pk": 24, "fields": {"name": "Can view session", "content_type": 6, "codename": "view_session"}}, {"model": "auth.permission", "pk": 25, "fields": {"name": "Can add category", "content_type": 7, "codename": "add_category"}}, {"model": "auth.permission", "pk": 26, "fields": {"name": "Can change category", "content_type": 7, "codename": "change_category"}}, {"model": "auth.permission", "pk": 27, "fields": {"name": "Can delete category", "content_type": 7, "codename": "delete_category"}}, {"model": "auth.permission", "pk": 28, "fields": {"name": "Can view category", "content_type": 7, "codename": "view_category"}}, {"model": "auth.permission", "pk": 29, "fields": {"name": "Can add banner", "content_type": 8, "codename": "add_banner"}}, {"model": "auth.permission", "pk": 30, "fields": {"name": "Can change banner", "content_type": 8, "codename": "change_banner"}}, {"model": "auth.permission", "pk": 31, "fields": {"name": "Can delete banner", "content_type": 8, "codename": "delete_banner"}}, {"model": "auth.permission", "pk": 32, "fields": {"name": "Can view banner", "content_type": 8, "codename": "view_banner"}}, {"model": "auth.permission", "pk": 33, "fields": {"name": "Can add size", "content_type": 9, "codename": "add_size"}}, {"model": "auth.permission", "pk": 34, "fields": {"name": "Can change size", "content_type": 9, "codename": "change_size"}}, {"model": "auth.permission", "pk": 35, "fields": {"name": "Can delete size", "content_type": 9, "codename": "delete_size"}}, {"model": "auth.permission", "pk": 36, "fields": {"name": "Can view size", "content_type": 9, "codename": "view_size"}}, {"model": "auth.permission", "pk": 37, "fields": {"name": "Can add brand", "content_type": 10, "codename": "add_brand"}}, {"model": "auth.permission", "pk": 38, "fields": {"name": "Can change brand", "content_type": 10, "codename": "change_brand"}}, {"model": "auth.permission", "pk": 39, "fields": {"name": "Can delete brand", "content_type": 10, "codename": "delete_brand"}}, {"model": "auth.permission", "pk": 40, "fields": {"name": "Can view brand", "content_type": 10, "codename": "view_brand"}}, {"model": "auth.permission", "pk": 41, "fields": {"name": "Can add product review", "content_type": 11, "codename": "add_productreview"}}, {"model": "auth.permission", "pk": 42, "fields": {"name": "Can change product review", "content_type": 11, "codename": "change_productreview"}}, {"model": "auth.permission", "pk": 43, "fields": {"name": "Can delete product review", "content_type": 11, "codename": "delete_productreview"}}, {"model": "auth.permission", "pk": 44, "fields": {"name": "Can view product review", "content_type": 11, "codename": "view_productreview"}}, {"model": "auth.permission", "pk": 45, "fields": {"name": "Can add wishlist", "content_type": 12, "codename": "add_wishlist"}}, {"model": "auth.permission", "pk": 46, "fields": {"name": "Can change wishlist", "content_type": 12, "codename": "change_wishlist"}}, {"model": "auth.permission", "pk": 47, "fields": {"name": "Can delete wishlist", "content_type": 12, "codename": "delete_wishlist"}}, {"model": "auth.permission", "pk": 48, "fields": {"name": "Can view wishlist", "content_type": 12, "codename": "view_wishlist"}}, {"model": "auth.permission", "pk": 49, "fields": {"name": "Can add color", "content_type": 13, "codename": "add_color"}}, {"model": "auth.permission", "pk": 50, "fields": {"name": "Can change color", "content_type": 13, "codename": "change_color"}}, {"model": "auth.permission", "pk": 51, "fields": {"name": "Can delete color", "content_type": 13, "codename": "delete_color"}}, {"model": "auth.permission", "pk": 52, "fields": {"name": "Can view color", "content_type": 13, "codename": "view_color"}}, {"model": "auth.permission", "pk": 53, "fields": {"name": "Can add cart order", "content_type": 14, "codename": "add_cartorder"}}, {"model": "auth.permission", "pk": 54, "fields": {"name": "Can change cart order", "content_type": 14, "codename": "change_cartorder"}}, {"model": "auth.permission", "pk": 55, "fields": {"name": "Can delete cart order", "content_type": 14, "codename": "delete_cartorder"}}, {"model": "auth.permission", "pk": 56, "fields": {"name": "Can view cart order", "content_type": 14, "codename": "view_cartorder"}}, {"model": "auth.permission", "pk": 57, "fields": {"name": "Can add product attribute", "content_type": 15, "codename": "add_productattribute"}}, {"model": "auth.permission", "pk": 58, "fields": {"name": "Can change product attribute", "content_type": 15, "codename": "change_productattribute"}}, {"model": "auth.permission", "pk": 59, "fields": {"name": "Can delete product attribute", "content_type": 15, "codename": "delete_productattribute"}}, {"model": "auth.permission", "pk": 60, "fields": {"name": "Can view product attribute", "content_type": 15, "codename": "view_productattribute"}}, {"model": "auth.permission", "pk": 61, "fields": {"name": "Can add cart order items", "content_type": 16, "codename": "add_cartorderitems"}}, {"model": "auth.permission", "pk": 62, "fields": {"name": "Can change cart order items", "content_type": 16, "codename": "change_cartorderitems"}}, {"model": "auth.permission", "pk": 63, "fields": {"name": "Can delete cart order items", "content_type": 16, "codename": "delete_cartorderitems"}}, {"model": "auth.permission", "pk": 64, "fields": {"name": "Can view cart order items", "content_type": 16, "codename": "view_cartorderitems"}}, {"model": "auth.permission", "pk": 65, "fields": {"name": "Can add product", "content_type": 17, "codename": "add_product"}}, {"model": "auth.permission", "pk": 66, "fields": {"name": "Can change product", "content_type": 17, "codename": "change_product"}}, {"model": "auth.permission", "pk": 67, "fields": {"name": "Can delete product", "content_type": 17, "codename": "delete_product"}}, {"model": "auth.permission", "pk": 68, "fields": {"name": "Can view product", "content_type": 17, "codename": "view_product"}}, {"model": "auth.permission", "pk": 69, "fields": {"name": "Can add user address book", "content_type": 18, "codename": "add_useraddressbook"}}, {"model": "auth.permission", "pk": 70, "fields": {"name": "Can change user address book", "content_type": 18, "codename": "change_useraddressbook"}}, {"model": "auth.permission", "pk": 71, "fields": {"name": "Can delete user address book", "content_type": 18, "codename": "delete_useraddressbook"}}, {"model": "auth.permission", "pk": 72, "fields": {"name": "Can view user address book", "content_type": 18, "codename": "view_useraddressbook"}}, {"model": "auth.permission", "pk": 73, "fields": {"name": "Can add PayPal IPN", "content_type": 19, "codename": "add_paypalipn"}}, {"model": "auth.permission", "pk": 74, "fields": {"name": "Can change PayPal IPN", "content_type": 19, "codename": "change_paypalipn"}}, {"model": "auth.permission", "pk": 75, "fields": {"name": "Can delete PayPal IPN", "content_type": 19, "codename": "delete_paypalipn"}}, {"model": "auth.permission", "pk": 76, "fields": {"name": "Can view PayPal IPN", "content_type": 19, "codename": "view_paypalipn"}}, {"model": "auth.permission", "pk": 77, "fields": {"name": "Can add bookmark", "content_type": 20, "codename": "add_bookmark"}}, {"model": "auth.permission", "pk": 78, "fields": {"name": "Can change bookmark", "content_type": 20, "codename": "change_bookmark"}}, {"model": "auth.permission", "pk": 79, "fields": {"name": "Can delete bookmark", "content_type": 20, "codename": "delete_bookmark"}}, {"model": "auth.permission", "pk": 80, "fields": {"name": "Can view bookmark", "content_type": 20, "codename": "view_bookmark"}}, {"model": "auth.permission", "pk": 81, "fields": {"name": "Can add pinned application", "content_type": 21, "codename": "add_pinnedapplication"}}, {"model": "auth.permission", "pk": 82, "fields": {"name": "Can change pinned application", "content_type": 21, "codename": "change_pinnedapplication"}}, {"model": "auth.permission", "pk": 83, "fields": {"name": "Can delete pinned application", "content_type": 21, "codename": "delete_pinnedapplication"}}, {"model": "auth.permission", "pk": 84, "fields": {"name": "Can view pinned application", "content_type": 21, "codename": "view_pinnedapplication"}}, {"model": "auth.permission", "pk": 85, "fields": {"name": "Can add user dashboard module", "content_type": 22, "codename": "add_userdashboardmodule"}}, {"model": "auth.permission", "pk": 86, "fields": {"name": "Can change user dashboard module", "content_type": 22, "codename": "change_userdashboardmodule"}}, {"model": "auth.permission", "pk": 87, "fields": {"name": "Can delete user dashboard module", "content_type": 22, "codename": "delete_userdashboardmodule"}}, {"model": "auth.permission", "pk": 88, "fields": {"name": "Can view user dashboard module", "content_type": 22, "codename": "view_userdashboardmodule"}}, {"model": "auth.permission", "pk": 89, "fields": {"name": "Can add seller", "content_type": 23, "codename": "add_seller"}}, {"model": "auth.permission", "pk": 90, "fields": {"name": "Can change seller", "content_type": 23, "codename": "change_seller"}}, {"model": "auth.permission", "pk": 91, "fields": {"name": "Can delete seller", "content_type": 23, "codename": "delete_seller"}}, {"model": "auth.permission", "pk": 92, "fields": {"name": "Can view seller", "content_type": 23, "codename": "view_seller"}}, {"model": "auth.permission", "pk": 93, "fields": {"name": "Can add seller review", "content_type": 24, "codename": "add_sellerreview"}}, {"model": "auth.permission", "pk": 94, "fields": {"name": "Can change seller review", "content_type": 24, "codename": "change_sellerreview"}}, {"model": "auth.permission", "pk": 95, "fields": {"name": "Can delete seller review", "content_type": 24, "codename": "delete_sellerreview"}}, {"model": "auth.permission", "pk": 96, "fields": {"name": "Can view seller review", "content_type": 24, "codename": "view_sellerreview"}}, {"model": "auth.permission", "pk": 97, "fields": {"name": "Can add seller", "content_type": 25, "codename": "add_seller"}}, {"model": "auth.permission", "pk": 98, "fields": {"name": "Can change seller", "content_type": 25, "codename": "change_seller"}}, {"model": "auth.permission", "pk": 99, "fields": {"name": "Can delete seller", "content_type": 25, "codename": "delete_seller"}}, {"model": "auth.permission", "pk": 100, "fields": {"name": "Can view seller", "content_type": 25, "codename": "view_seller"}}, {"model": "auth.permission", "pk": 101, "fields": {"name": "Can add order", "content_type": 26, "codename": "add_order"}}, {"model": "auth.permission", "pk": 102, "fields": {"name": "Can change order", "content_type": 26, "codename": "change_order"}}, {"model": "auth.permission", "pk": 103, "fields": {"name": "Can delete order", "content_type": 26, "codename": "delete_order"}}, {"model": "auth.permission", "pk": 104, "fields": {"name": "Can view order", "content_type": 26, "codename": "view_order"}}, {"model": "auth.permission", "pk": 105, "fields": {"name": "Can add product", "content_type": 27, "codename": "add_product"}}, {"model": "auth.permission", "pk": 106, "fields": {"name": "Can change product", "content_type": 27, "codename": "change_product"}}, {"model": "auth.permission", "pk": 107, "fields": {"name": "Can delete product", "content_type": 27, "codename": "delete_product"}}, {"model": "auth.permission", "pk": 108, "fields": {"name": "Can view product", "content_type": 27, "codename": "view_product"}}, {"model": "auth.permission", "pk": 109, "fields": {"name": "Can add stk push request", "content_type": 28, "codename": "add_stkpushrequest"}}, {"model": "auth.permission", "pk": 110, "fields": {"name": "Can change stk push request", "content_type": 28, "codename": "change_stkpushrequest"}}, {"model": "auth.permission", "pk": 111, "fields": {"name": "Can delete stk push request", "content_type": 28, "codename": "delete_stkpushrequest"}}, {"model": "auth.permission", "pk": 112, "fields": {"name": "Can view stk push request", "content_type": 28, "codename": "view_stkpushrequest"}}, {"model": "auth.user", "pk": 1, "fields": {"password": "pbkdf2_sha256$600000$jFGUbxwjmMozILWjcc8reJ$k8v9qAdliig5wBgvxeXzswL0jqCa8NUJ4OGB17hTQFY=", "last_login": "2023-10-15T15:09:36.643Z", "is_superuser": true, "username": "admin", "first_name": "", "last_name": "", "email": "", "is_staff": true, "is_active": true, "date_joined": "2023-09-24T14:20:56.109Z", "groups": [], "user_permissions": []}}, {"model": "auth.user", "pk": 2, "fields": {"password": "pbkdf2_sha256$600000$lySCVEeJxhWn4DHOtf9fC1$VLaSCUnn61EyOy7WnVwzjIJHuy+8j+x/IblluN2vSJI=", "last_login": "2023-10-03T15:32:06.570Z", "is_superuser": false, "username": "felixwandera055@gmail.com", "first_name": "Felix", "last_name": "Wandera", "email": "felixwandera055@gmail.com", "is_staff": false, "is_active": true, "date_joined": "2023-10-03T15:32:04.465Z", "groups": [], "user_permissions": []}}, {"model": "auth.user", "pk": 3, "fields": {"password": "pbkdf2_sha256$600000$gBrXGTppg2V1IULBsINsn0$tf8JNMQ4QbgujX6I1QKEiE9H77tDoc6yZ3QsUeZsbRM=", "last_login": "2023-10-05T15:54:42.151Z", "is_superuser": false, "username": "companyx", "first_name": "", "last_name": "", "email": "", "is_staff": false, "is_active": true, "date_joined": "2023-10-05T15:54:40.668Z", "groups": [], "user_permissions": []}}, {"model": "auth.user", "pk": 4, "fields": {"password": "pbkdf2_sha256$600000$nAPIyE8XtGzIaFdKxGm4YB$QvnHmQKPEzD+vYQ07RWlfKgJzfOaHbmCB+TE8kK8zlw=", "last_login": "2023-10-05T18:29:42.662Z", "is_superuser": false, "username": "companyf", "first_name": "", "last_name": "", "email": "", "is_staff": false, "is_active": true, "date_joined": "2023-10-05T18:26:03.551Z", "groups": [], "user_permissions": []}}, {"model": "auth.user", "pk": 5, "fields": {"password": "pbkdf2_sha256$600000$qSZR4agETmKFiANg51sZM0$+q7mDvL2+egoUkKZH40HKXQS1wm0qezIZNR8lXJLRu0=", "last_login": "2023-10-05T18:36:57.769Z", "is_superuser": false, "username": "companyk", "first_name": "", "last_name": "", "email": "", "is_staff": false, "is_active": true, "date_joined": "2023-10-05T18:36:56.551Z", "groups": [], "user_permissions": []}}, {"model": "contenttypes.contenttype", "pk": 1, "fields": {"app_label": "admin", "model": "logentry"}}, {"model": "contenttypes.contenttype", "pk": 2, "fields": {"app_label": "auth", "model": "permission"}}, {"model": "contenttypes.contenttype", "pk": 3, "fields": {"app_label": "auth", "model": "group"}}, {"model": "contenttypes.contenttype", "pk": 4, "fields": {"app_label": "auth", "model": "user"}}, {"model": "contenttypes.contenttype", "pk": 5, "fields": {"app_label": "contenttypes", "model": "contenttype"}}, {"model": "contenttypes.contenttype", "pk": 6, "fields": {"app_label": "sessions", "model": "session"}}, {"model": "contenttypes.contenttype", "pk": 7, "fields": {"app_label": "main", "model": "category"}}, {"model": "contenttypes.contenttype", "pk": 8, "fields": {"app_label": "main", "model": "banner"}}, {"model": "contenttypes.contenttype", "pk": 9, "fields": {"app_label": "main", "model": "size"}}, {"model": "contenttypes.contenttype", "pk": 10, "fields": {"app_label": "main", "model": "brand"}}, {"model": "contenttypes.contenttype", "pk": 11, "fields": {"app_label": "main", "model": "productreview"}}, {"model": "contenttypes.contenttype", "pk": 12, "fields": {"app_label": "main", "model": "wishlist"}}, {"model": "contenttypes.contenttype", "pk": 13, "fields": {"app_label": "main", "model": "color"}}, {"model": "contenttypes.contenttype", "pk": 14, "fields": {"app_label": "main", "model": "cartorder"}}, {"model": "contenttypes.contenttype", "pk": 15, "fields": {"app_label": "main", "model": "productattribute"}}, {"model": "contenttypes.contenttype", "pk": 16, "fields": {"app_label": "main", "model": "cartorderitems"}}, {"model": "contenttypes.contenttype", "pk": 17, "fields": {"app_label": "main", "model": "product"}}, {"model": "contenttypes.contenttype", "pk": 18, "fields": {"app_label": "main", "model": "useraddressbook"}}, {"model": "contenttypes.contenttype", "pk": 19, "fields": {"app_label": "ipn", "model": "paypalipn"}}, {"model": "contenttypes.contenttype", "pk": 20, "fields": {"app_label": "jet", "model": "bookmark"}}, {"model": "contenttypes.contenttype", "pk": 21, "fields": {"app_label": "jet", "model": "pinnedapplication"}}, {"model": "contenttypes.contenttype", "pk": 22, "fields": {"app_label": "dashboard", "model": "userdashboardmodule"}}, {"model": "contenttypes.contenttype", "pk": 23, "fields": {"app_label": "main", "model": "seller"}}, {"model": "contenttypes.contenttype", "pk": 24, "fields": {"app_label": "main", "model": "sellerreview"}}, {"model": "contenttypes.contenttype", "pk": 25, "fields": {"app_label": "seller", "model": "seller"}}, {"model": "contenttypes.contenttype", "pk": 26, "fields": {"app_label": "seller", "model": "order"}}, {"model": "contenttypes.contenttype", "pk": 27, "fields": {"app_label": "seller", "model": "product"}}, {"model": "contenttypes.contenttype", "pk": 28, "fields": {"app_label": "main", "model": "stkpushrequest"}}, {"model": "sessions.session", "pk": "pv4yjv88ygbfcwhs2sndj7ejtoi97r4d", "fields": {"session_data": ".eJxVjDsOwjAQRO_iGln-xR9K-pzBWme9OIBsKU4qxN1JpBRQzrw382YRtrXEreclzsiuTLLLb5dgeuZ6AHxAvTc-tbouc-KHwk_a-dgwv26n-3dQoJd9TQpVFqAkOSuyTuSDQkNDckJA2qOloK10Bq3PXhsKgAppCEmDV16zzxfwzzgS:1qs2kK:uwq-vayd0PbUx0sIVNa07ZbsJnzQchNUxyO574E2QQA", "expire_date": "2023-10-29T15:09:36.797Z"}}]